www-kyivpost-com-post-84608	000	https://www.kyivpost.com/post/84608
www-riga-lv-namejs-2026-active-phase	200	https://www.riga.lv/en/article/16-20-september-active-phase-exercise-namejs-2026-will-take-place-riga-soldiers-military-vehicles-and-exercise-checkpoints-will-be-visible-across-city
euromaidanpress-com-lithuania-exercises-12-municipalities	000	https://euromaidanpress.com/2026/09/14/lithuania-launches-military-exercises-across-12-municipalities-as-russia-keeps-probing-natos-eastern-border/
spravzhne-media-gur-warehouse-zaporizhzhia	000	https://spravzhne.media/rus/war/1789900681-rossiyskiy-sklad-boepripasov-i-goryuchego-unichtozhili-na-zaporozhe
www-kyivpost-com-post-84787	000	https://www.kyivpost.com/post/84787
abcnews-com-ukrainian-drones-moscow-refinery-136595832	000	https://abcnews.com/International/ukrainian-drones-target-moscow-oil-refinery-deadly-attack/story?id=136595832
lenta-ru-glavnoe-k-utru-20-sentyabrya	200	https://lenta.ru/twz/chto-proiskhodit/glavnoe-k-utru-20-sentyabrya.htm
24tv-ua-ataka-shahedov-16-sentjabrja	000	https://24tv.ua/ru/ataka-shahedov-16-sentjabrja-2026-goda-kuda-letjat-drony-karta-trevog_n3143369
abcnews-com-houthis-yemen-gains-strategic-strait-136485092	000	https://abcnews.com/International/houthis-yemen-gains-put-control-strategic-strait-key/story?id=136485092
www-svoboda-org-a-udary-rossii-vblizi-granits-poljshi	000	https://www.svoboda.org/a/udary-rossii-vblizi-granits-poljshi/33854008.html
ria-ru-lukashenko-check-readiness-2117062795	200	https://ria.ru/20260911/lukashenko-2117062795.html
www-reuters-com-north-korea-vice-defence-minister	401	https://www.reuters.com/business/aerospace-defense/north-korea-vice-defence-minister-says-us-arms-buildup-justifies-expanding-2026-09-17/
www-reuters-com-north-korea-rejects-iaea-resolution	401	https://www.reuters.com/world/asia-pacific/north-korea-rejects-iaea-resolution-doubles-down-nuclear-status-kim-jong-un-2026-09-18/
iz-ru-kndr-iadernoe-oruzhiie-2167943	200	https://iz.ru/2167943/2026-09-16/kndr-predupredila-ssha-i-iuzhnuiu-koreiu-o-vozmozhnom-primenenii-iadernogo-oruzhiia
www-reuters-com-north-korea-fires-two-missiles	401	https://www.reuters.com/world/asia-pacific/north-korea-fires-missile-off-east-coast-yonhap-says-2026-09-20/
ria-ru-renkhap-ballistic-2118896646	200	https://ria.ru/20260920/renkhap-2118896646.html
www-pravda-com-ua-eng-german-consulate-closes-8054035	000	https://www.pravda.com.ua/eng/news/2026/09/18/8054035/
www-dw-com-russia-closing-german-consulate-a-79149908	000	https://www.dw.com/en/russia-announces-it-is-closing-germanys-consulate-in-st-petersburg/a-79149908
www-newindianexpress-com-iran-seven-conditions	000	https://www.newindianexpress.com/world/2026/Sep/20/iran-sets-seven-conditions-for-talks-with-us-through-qatar-warns-of-decisive-war-if-trump-rejects-demands
www-presstv-co-uk-iran-conditions-776648	200	https://www.presstv.co.uk/Detail/2026/09/20/776648/Iran-conditions-US-talks
www-reuters-com-eu-envoys-extend-russia-sanctions	401	https://www.reuters.com/world/europe/eu-envoys-extend-russia-sanctions-by-seven-days-debate-six-month-renewal-eu-2026-09-14/
www-euractiv-com-extend-russia-sanctions-oligarch-stand-off	403	https://www.euractiv.com/news/eu-countries-extend-russia-sanctions-amid-latest-oligarch-stand-off/
mezha-net-evening-digest-14-veresnia	000	https://mezha.net/eng/news/vechirnii-daidzhest-ukraina-ta-svit-14-veresnia-2026/
lenta-ru-kreml-predlozhil-sdelku-peskov-dva-usloviya	200	https://lenta.ru/news/2026/09/15/long-kreml-neozhidanno-predlozhil-sdelku-zapadu-i-ukraine-peskov-vydvinul-dva-usloviya/
www-dw-com-ru-obmen-telami-a-79313703	000	https://www.dw.com/ru/ukraina-i-rossia-vnov-obmenalis-telami-pogibsih-voennyh/a-79313703
www-rbc-ru-obmen-telami-17-09-2026	200	https://www.rbc.ru/politics/17/09/2026/6aabb5e1bbf383b65c1f8e89
www-reuters-com-trump-signs-russia-sanctions-bill	401	https://www.reuters.com/world/us/trump-signs-russia-sanctions-bill-into-law-2026-09-18/
www-dw-com-ru-zakon-grema-a-79335094	000	https://www.dw.com/ru/tramp-podpisal-zakon-lindsi-grema-ob-adskih-sankciah-protiv-rossii/a-79335094
www-bloomberg-com-denmark-expedites-275-million	403	https://www.bloomberg.com/news/articles/2026-09-18/denmark-expedites-275-million-ukraine-aid-after-russia-bust-up
www-cbsnews-com-air-defense-sale-ukraine	200	https://www.cbsnews.com/news/us-ukraine-russia-war-air-defense-state-department/
www-garant-ru-ukaz-661-ot-17-09-2026	200	https://www.garant.ru/products/ipo/prime/doc/414830418/
meduza-io-putin-auchan-nestle	000	https://meduza.io/news/2026/09/17/putin-peredal-vo-vremennoe-upravlenie-aktivy-ashan-i-nestle
ria-ru-medvedev-voennoe-sderzhivanie-2118722131	200	https://ria.ru/20260919/medvedev-2118722131.html
www-aa-com-tr-medvedev-voennoe-sderzhivanie-4061817	200	https://www.aa.com.tr/ru/%D0%BC%D0%B8%D1%80/%D1%8D%D0%BA%D1%81-%D0%BF%D1%80%D0%B5%D0%B7%D0%B8%D0%B4%D0%B5%D0%BD%D1%82-%D1%80%D1%84-%D0%BF%D1%80%D0%B5%D0%B4%D0%BB%D0%BE%D0%B6%D0%B8%D0%BB-%D0%BE%D1%82%D0%B2%D0%B5%D1%82%D0%B8%D1%82%D1%8C-%D0%BD%D0%B0-%D0%B0%D0%B4%D1%81%D0%BA%D0%B8%D0%B5-%D1%81%D0%B0%D0%BD%D0%BA%D1%86%D0%B8%D0%B8-%D1%81%D1%88%D0%B0-%D1%8F%D0%B7%D1%8B%D0%BA%D0%BE%D0%BC-%D0%B2%D0%BE%D0%B5%D0%BD%D0%BD%D0%BE%D0%B3%D0%BE-%D1%81%D0%B4%D0%B5%D1%80%D0%B6%D0%B8%D0%B2%D0%B0%D0%BD%D0%B8%D1%8F/4061817
www-interfax-ru-cik-ddos-1117223	200	https://www.interfax.ru/russia/1117223
therecord-media-russia-cyberattacks-during-election	403	https://therecord.media/russia-reports-cyberattacks-during-election
dfrlab-org-storm-1516-baltic-states	200	https://dfrlab.org/2026/09/17/storm-1516-operation-targets-the-baltic-states/
www-pravda-com-ua-rus-litva-gibridnye-ataki-8054030	000	https://www.pravda.com.ua/rus/news/2026/09/18/8054030/
unn-ua-donetsk-evacuation-zone	000	https://unn.ua/ru/news/v-donetskoi-oblasti-rasshirili-zonu-prinuditelnoi-evakuatsii-detei
eng-lsm-lv-namejs-drills-riga-a663399	000	https://eng.lsm.lv/article/society/defence/16.09.2026-namejs-military-drills-taking-place-in-and-around-riga.a663399/
www-reuters-com-kim-vows-expand-ties-russia	401	https://www.reuters.com/world/asia-pacific/north-koreas-kim-vows-expand-ties-with-russia-backs-victory-sacred-war-2026-09-14/
apostrophe-ua-korea-30-50-tys-soldat	000	https://apostrophe.ua/ru/world/obuchajutsja-rabotajut-s-dronami-severnaja-koreja-otpravila-v-rossiju-ot-30-do-50-tys-soldat.html
www-thehindu-com-saudi-houthi-ballistic-article71486051	200	https://www.thehindu.com/news/international/saudi-arabia-confirms-yemens-houthi-rebels-tried-to-attack-its-capital-with-ballistic-missile/article71486051.ece
www-jpost-com-houthis-aramco-riyadh-909128	200-empty	https://www.jpost.com/middle-east/article-909128
www-middleeasteye-net-houthis-riyadh-yanbu	200	https://www.middleeasteye.net/news/houthis-claim-strikes-riyadh-yanbu-while-saudi-coalition-says-attacks-thwarted
www-aa-com-tr-houthis-saudi-capital-4062167	200	https://www.aa.com.tr/en/middle-east/yemen-s-houthis-claim-missile-drone-attacks-on-saudi-capital/4062167
www-vedomosti-ru-diesel-export-ban-1229127	200	https://www.vedomosti.ru/business/articles/2026/09/15/1229127-pravitelstvo-prodlit-zapret
www-interfax-ru-diesel-export-ban-1116328	200	https://www.interfax.ru/business/1116328
www-reuters-com-london-marine-insurers-black-sea	401	https://www.reuters.com/business/londons-marine-insurers-widen-black-sea-high-risk-zone-shipping-attacks-surge-2026-09-18/
www-rbc-ru-400-flights-delayed-20-09-2026	200	https://www.rbc.ru/politics/20/09/2026/6aaf7792201b0189cffa7df7
www-kommersant-ru-sulfuric-acid-export-ban-8954462	200	https://www.kommersant.ru/doc/8954462
www-interfax-ru-sulfuric-acid-ban-1116026	200	https://www.interfax.ru/business/1116026
news-ru-mobilnyj-internet-15-sentyabrya	200	https://news.ru/society/pochemu-ne-rabotaet-mobilnyj-internet-15-sentyabrya-prichiny-sboi-v-rossii
incidentia-ru-mobilnyy-internet-ogranichili	000	https://incidentia.ru/news/mobilnyy-internet-v-rossii-ogranichili-iz-2026-09-15
airlive-net-gps-jamming-sweden-2026-09-18	000	https://airlive.net/news/2026/09/18/multiple-flights-reported-gps-jamming-over-sweden-in-the-past-24-hours/
www-nytimes-com-ukraine-russia-talks-wtk	403	https://www.nytimes.com/2026/09/05/world/europe/ukraine-russia-talks-wtk.html
understandingwar-org-roca-september-17-2026	000	https://understandingwar.org/research/russia-ukraine/russian-offensive-campaign-assessment-september-17-2026/
www-nti-org-nuclear-security-index-2026	403	https://www.nti.org/news/russia-and-united-states-retreat-from-nuclear-security-as-12-countries-step-up-2026-nti-nuclear-security-index-finds/
sanctionsnews-bakermckenzie-com-graham-act-tariff-powers	000	https://sanctionsnews.bakermckenzie.com/us-president-signs-russia-and-iran-sanctions-bill-with-new-tariff-powers/
www-legal500-com-weekly-sanctions-update-2026-09-08	200	https://www.legal500.com/intelligence/global/government-public-sector/weekly-sanctions-update-september-8-2026
understandingwar-org-roca-september-18-2026	000	https://understandingwar.org/research/russia-ukraine/russian-offensive-campaign-assessment-september-18-2026/
24tv-ua-mobilizacija-rossija-300-tysjach-n3138153	000	https://24tv.ua/ru/mobilizacija-v-rossii-v-sentjabre-2026-goda-rossija-planiruet-otpravit-na-front-300-tysjach-chelovek_n3138153
nv-ua-isw-minoborony-prinuditelny-prizyv-50636768	000	https://nv.ua/world/countries/mobilizaciya-v-rossii-2026-minoborony-gotovitsya-k-prinuditelnomu-prizyvu-analiz-isw-50636768.html
ru-themoscowtimes-com-zapasnik-vyezd-a205473	000	https://ru.themoscowtimes.com/2026/09/07/v-rossii-nachali-ogranichivat-viezd-zapasnikov-za-granitsu-po-resheniyu-voenkomatov-a205473
nv-ua-zapret-vyezda-zapasniku-50639309	000	https://nv.ua/world/countries/mobilizaciya-v-rossii-vpervye-voennoobyazannomu-zapasa-zapretili-vyezd-po-resheniyu-voenkomata-50639309.html
tsn-ua-rossiyan-ostanavlivayut-granitse-3163967	000	https://tsn.ua/ru/svit/rossiyan-nachali-ostanavlivat-na-granitse-v-chem-prichina-3163967.html
fakty-com-ua-vyyizd-cholovikiv-1-veresnya	000	https://fakty.com.ua/ru/ukraine/20260901-vyyizd-cholovikiv-za-kordon-z-1-veresnya-hto-maye-pravo-ta-yaki-dokumenty-potribni/
www-independent-co-uk-ukraine-russia-talks-envoys-b3045408	200	https://www.independent.co.uk/news/world/europe/ukraine-russia-war-live-trump-putin-zelensky-talks-witkoff-kushner-b3045408.html
www-iaea-org-update-366-ukraine-znpp	200	https://www.iaea.org/newscenter/pressreleases/update-366-iaea-director-general-statement-on-situation-in-ukraine
www-aa-com-tr-rosatom-grossi-znpp-vienna-4057265	200	https://www.aa.com.tr/en/world/rosatom-chief-un-nuclear-watchdog-director-general-discuss-zaporizhzhia-nuclear-plant-s-safety-in-vienna/4057265
www-thehindubusinessline-com-iaea-kursk-npp-drone-71483674	000	https://www.thehindubusinessline.com/news/world/iaea-condemns-attacks-on-nuclear-facilities-after-drone-hits-kursk-nuclear-plant-cooling-tower/article71483674.ece
www-forbes-ru-vysylka-150-diplomatov-germaniya	200-empty	https://www.forbes.ru/society/568359-posol-stvo-rossii-rasskazalo-o-vysylke-iz-germanii-150-diplomatov-i-clenov-ih-semej
uawire-org-germany-150-russian-staff-leave	200	https://uawire.org/germany-orders-over-150-russian-mission-staff-and-relatives-to-leave
unn-ua-germany-expels-150-diplomats-leipzig	000	https://unn.ua/en/news/germany-expels-more-than-150-russian-diplomats-and-their-family-members-following-sabotage-in-leipzig
